longitude,latitude,title
-73.85236518,42.68996297,1 Crossgates Mall Rd. 12203 Albany USA
-73.81944318,42.70927778,131 Colonie Center 12205 Albany USA
-106.5715605,35.10550898,6600 Menaul NE 87110 Albuquerque USA
-77.04869558,38.80476788,614 King Street 22314 Alexandria USA
-96.66318268,33.13256138,820 West Stacy Road 75013 Allen USA
-84.29696473,34.04812033,1081 North Point Mall 30022 Alpharetta USA
-81.37959298,28.66661228,451 E Altamonte Drive 32701 Altamonte Springs USA
-78.41307158,40.46933937,5580 Goods Lane Suite #0758 Altoona
-78.82244608,42.98893517,730 Alberta Drive 14226 Amherst USA
-149.869478,61.14349208,800 E Dimond Blvd 99515 Anchorage USA
-76.55079248,38.98962517,2140 Annapolis Mall 21401 Annapolis USA
-88.47360948,44.26894197,4301 W Wisconsin Ave 54913 Appleton USA
-118.0537777,34.1347002,400 S Baldwin Ave 91007 Arcadia USA
-97.13204678,32.68085598,3811 South Cooper  Suite 1804 Arlington
-82.52855138,35.58102218,3 South Tunnel Road 28805 Asheville USA
-84.40881872,33.79163219,30363 Atlanta Atlanta USA
-84.47096178,33.88080048,1620 Cumberland Mall 30339 Atlanta USA
-84.34316508,33.92455908,4400 Ashford Dunwoody Road 30346 Atlanta USA
-84.09799578,33.69918948,2929 Turner Hill Road  Suite 2750 Atlanta
-87.62688373,41.88188163,116 North Michigan Avenue  Suite #215 Atlantic City
-122.2458647,47.29807907,1101 SuperMall Way 98001 Auburn USA
-83.30341168,42.70301947,4696 Baldwin Road 48326 Auburn Hills USA
-82.08099378,33.46362228,3450 Wrightsboro Road 30909 Augusta USA
-88.21124248,41.75657837,1276 Fox Valley Center 60504 Aurora USA
-104.7070729,39.6015703,6155 S. Main Street 80016 Aurora USA
-97.72867628,30.40169488,11410 Century Oaks Terrace 78758 Austin USA
-80.14725768,25.95729658,19501 Biscayne Boulevard 33180 Aventura USA
-119.0375104,35.33807298,3001 Ming Ave Suite 540 93304 Bakersfield USA
-76.46929708,39.37457377,8200 Perry Hall Blvd  Suite 1325 Baltimore
-91.09012708,30.38963898,6401 Bluebonnet Blvd. 70836 Baton Rouge  LA
-66.16527734,18.40677969,725 West Main Avenue 00961 Bayamon USA
-81.54145189,41.47550964,44122 Beachwood Beachwood USA
-94.16388638,30.12405148,6155 Eastex Fwy #200 77706 Beaumont USA
-97.94530388,30.30972198,12912 Hill Country Boulevard  Suite D2-145 Bee Cave
-122.4923081,48.7858027,1 Bellis Fair Parkway 98226 Bellingham USA
-108.5818098,45.76540177,300 south 24th Street W 59102 Billings USA
-100.7875923,46.79732122,706 Kirkwood Mall  Building F Bismarck
-86.49663148,39.16177527,2894 E 3rd Street 47401 Bloomington USA
-93.24446608,44.85565053,118 Central Parkway 55425 Bloomington  MN
-80.81985428,32.24034588,1414 Fording Island Rd  Space #E150 Bluffton
-116.2813756,43.6075002,350 North Milwaukee 83704 Boise USA
-116.3556264,43.6212008,3600 E Fairview Ave 83642 Meridian USA
-88.04473538,41.71715247,619 East Boughton Road 60440 Bolingbrook USA
-71.07696408,42.35148088,100 Newbury Street 02116 Boston USA
-71.02505828,42.22173498,250 Granite Street 02184 Braintree USA
-93.21586838,36.64388798,1005 Branson Landing 65616 Branson USA
-117.88896,33.9148217,1058A Brea Mall 92821 Brea USA
-73.82862198,40.86437977,200 Baychester Avenue 10475 Bronx USA
-73.92302498,40.61040558,5100 Kings Plaza 11234 Brooklyn USA
-73.98733348,40.69081757,497-501 Fulton Street 11201 Brooklyn USA
-105.1333835,39.9324924,1 W. FlatIron Crossing 80021 Broomfield USA
-97.50507578,25.95341638,2370 N Expressway  Space I Brownsville
-78.76550038,42.91356927,1 Walden Galleria 14225 Buffalo USA
-83.98638788,34.06482798,3333 Buford Drive 30519 Buford USA
-118.3148303,34.1833318,201 E. Magnolia Boulevard  Suite 212 Burbank
-115.5112892,32.6652434,888 West 2nd Street  Suite D100 Calexico
-119.0637276,34.21750668,740 Ventura Boulevard 93010 Camarillo USA
-76.93469098,40.22263077,3506 Capital City Drive  Space #0728 Camp Hill
-118.6060235,34.18985893,6600 Topanga Canyon 91303 Canoga Park USA
-117.3346385,33.1781876,2525 El Camino Real  Space 114 Carlsbad
-104.8769307,39.41732917,5050 Factory Shops Blvd 80108 Castle Rock USA
-96.94410128,32.60250788,305 W. Farm to Market Road 1382 75104 Cedar Hill USA
-97.80850988,30.47090928,11200 Lakeline Mall Drive 78613 Cedar Park USA
-104.9653056,39.59218687,6851 S Gaylord St 80122 Centennial USA
-88.24496038,40.14254808,2000 North Neil Street #0490 61820 Champaign  IL
-111.9005946,33.30147038,3111 West Chandler Boulevard 85226 Chandler USA
-79.93652598,32.78272608,281 King Street 29401 Charleston USA
-80.83392118,35.15065238,4400 Sharon Road 28211 Charlotte USA
-80.85328708,35.35299258,6801 Northlake Mall Dr. 28216 Charlotte USA
-85.16090728,35.03400888,2100 Hamilton Pl Blvd 37421 Chattanooga USA
-75.02775828,39.94249498,2000 Route 38 08002 Cherry Hill USA
-76.22946028,36.77961288,1401 Greenbrier Parkway South  Building G Chesapeake
-90.80975322,38.63552243,63005 Chesterfield Chesterfield USA
-87.62691968,41.89803387,840 North Michigan Ave 60611 Chicago USA
-87.63448058,41.86888357,150 W Roosevelt Rd 60605 Chicago USA
-87.78576598,41.71553038,444 Chicago Ridge Mall 60415 Chicago Ridge  IL
-121.8077352,39.7289392,1950 E 20th Street 95928 Chico USA
-116.9690156,32.6244482,2015 Birch Road 91915 Chula Vista USA
-84.37341758,39.37137718,7140 Foundry Row 45069 Liberty Township USA
-117.9307274,33.9937648,1600 Azusa Ave 91748 City of Industry USA
-96.30585728,30.62519708,1500 Harvey Rd  Space#5020 College Station
-89.72214968,35.02407938,4674 Merchants Park Circle 38017 Collierville  TN
-77.4225139,37.25435021,Building G 23834 Colonial Heights USA
-104.7949419,38.94931738,1710 Briargate Blvd 80920 Colorado Springs USA
-76.86367008,39.21570358,10300 Little Patuxent Parkway 21044 Columbia USA
-92.37768898,38.96391327,2300 Bernadette Dr 65203 Columbia USA
-82.91703893,40.05171567,140 Easton Town Center 43219 Columbus USA
-82.98424628,40.14562418,1500 Polaris Parkway 43240 Columbus USA
-118.1550289,34.00594438,100 Citadel Dr 90040 City of Commerce USA
-83.47596258,34.25006008,800 Steven B Tanger Blvd 30529 Commerce USA
-80.72611848,35.37006888,8111 Concord Mills Blvd 28027 Concord USA
-122.0634725,37.96873507,313 Sunvalley Mall Road  Suite B-206 Concord
-91.66820529,41.69483979,52241 Coralville Coralville USA
-97.37551618,27.71161338,5488 S. Padre Island Drive  Space 7000 Corpus Christi
-117.8950484,33.69194128,3333 Bear Street 92626 Costa Mesa USA
-106.7453719,32.3106107,700 S Telshor Blvd 88011 Las Cruces USA
-118.3955063,33.985431,6000 Sepulveda Boulevard 90230 Culver City USA
-96.77404688,32.86873568,8687 North Central Expressway 75225 Dallas USA
-96.82146228,32.93109088,13350 Dallas Parkway 75240 Dallas USA
-122.4734148,37.6726595,16 Serramonte Center 94015 Daly City USA
-73.48314538,41.38031808,7 Backus Ave 06810 Danbury USA
-70.99405338,41.64153057,200 Dartmouth Mall  Unit #1396 Dartmouth
-90.57676788,41.56339267,320 West Kimberly Road  Suite 0016 Daveport
-84.05890588,39.76737708,2727 Fairfield Commons Dr 45431 Beavercreek USA
-84.22315208,39.63368188,2700 Miamisburg Centerville Rd 45459 Dayton USA
-81.06459888,29.19704508,1700 W International Speedway Blvd 32114 Daytona Beach USA
-81.10033188,29.21216698,1100 Cornerstone  Suite 590 Daytona Beach
-83.22503853,42.31685563,18900 Michigan Avenue 48126 Dearborn USA
-97.11126228,33.19036538,2201 I-35E South 76205 Denton USA
-104.992697,39.74287007,500 16th Street Suite 130 80202 Denver USA
-104.9548189,39.71681828,3000 East 1st Avenue 80206 Denver USA
-104.8944216,39.78312557,8216 Northfield Blvd 80238 Denver USA
-75.13551838,39.84652788,1750 Deptford Ave 08096 Deptford USA
-90.45021438,38.60082648,80 West County Center 63131 Des Peres USA
-86.42669278,30.39071498,4261 Legendary Drive 32541 Destin USA
-83.41816168,42.41386788,37700 Six Mile Road 48152 Livonia USA
-83.05205138,42.33497177,1505 Woodward Avenue 48226 Detroit USA
-84.74827218,33.72772448,6700 Douglas Boulevard 30135 Douglassville USA
-118.1221727,33.9357679,251 Stonewood Street #L01 90241 Downey USA
-83.13324608,40.07318138,5043 Tuttle Crossing Blvd 43016 Dublin USA
-77.42585068,39.03201358,21100 Dulles Town Circle 20166 Dulles USA
-78.94440398,35.90434238,6910 Fayetteville Rd Suite 2240 Durham
-74.12800729,40.82450316,07073 East Rutherford East Rutherford USA
-74.33756618,40.54664708,510 Menlo Park 08837 Edison USA
-116.9694021,32.8052282,415 Parkway Plaza 92020 El Cajon USA
-106.3832151,31.77372228,8401 Gateway Blvd. West 79925 El Paso USA
-106.587629,31.91213968,7051 S. Desert Blvd 79835 Canutillo USA
-74.17325788,40.65995338,651 Kapkowski Road 07201 Elizabeth USA
-122.2941153,37.83418727,5630 Bay Street 94608 Emeryville USA
-80.10138468,42.07046567,654 Millcreek Mall 16565 Erie USA
-117.0684149,33.0714191,200 E Via Rancho Parkway 92025 Escondido USA
-81.77716738,26.43470998,10801 Corkscrew Road  Suite 71 Estero
-123.1074184,44.06802847,293 Valley River Center 97401 Eugene USA
-77.36131208,38.86254968,11750 Fair Oaks Mall 22033 Fairfax USA
-122.0568297,38.26038407,1350 Travis Blvd 94533 Fairfield USA
-90.07384144,38.59648168,62208 Fairview Heights Fairview Heights USA
-72.76522008,41.72367928,31 Westfarms Mall 06032 Farmington USA
-111.9056497,40.9860956,320 N. Station Parkway 84025 Farmington USA
-78.96383118,35.07211068,419 Cross Creek Mall 28303 Fayetteville USA
-83.77051688,42.98107878,3425 South Linden Road 48507 Flint USA
-79.83507998,34.19153648,2701 David McLeod Boulevard Unit #1119 29501 Florence  SC
-87.68327233,30.37541108,2601 S. McKenzie Street  Space No.200 Foley
-121.1231062,38.64960207,410 Palladio Parkway  Ste 1609 Folsom
-105.0763529,40.54292067,215 E Foothills Pkwy #220 80525 Fort Collins USA
-80.11561968,26.13712898,2414 E Sunrise Blvd 33304 Fort Lauderdale USA
-80.32467198,26.14873848,12801 W Sunrise Boulevard 33323 Sunrise USA
-85.13805138,41.11336678,4201 Coldwater Rd 46805 Fort Wayne USA
-97.40061848,32.67832738,4800 S Hulen St  Unit # 2380 Forth Worth
-97.28291278,33.02106178,15829 North Freeway  Suite 180 Forth Worth
-86.81574968,35.95711598,1800 Galleria Boulevard 37067 Franklin USA
-77.40738538,39.38253017,5500 Buckeystown Pike Suite 0432 Frederick
-77.51541708,38.29245678,137 Spotsylvania Mall 22407 Fredericksburg USA
-74.23311298,40.15617978,3710 Route 9   Space #C236 Freehold
-119.7909334,36.8488071,110 El Camino 93720 Fresno USA
-119.7795037,36.8068679,559 E Shaw Avenue 93710 Fresno USA
-95.15081798,29.54194388,500 Baybrook Mall 77546 Friendswood USA
-96.81409478,33.09820478,2601 Preston Road Suite 2240 75034 Frisco USA
-81.71430018,35.08197818,1 Factory Shops Blvd  Unit 825 Gaffney
-82.41342538,29.65801748,6419 Newberry Road 32605 Gainesville USA
-73.61642608,40.73824847,630 Old Country Road 11530 Garden City USA
-121.6511715,37.0091463,95020 Gilroy Gilroy USA
-118.2598383,34.14462378,891 Americana Way 91210 Glendale USA
-87.91701348,43.12228217,5765 North Bayshore Drive 53217 Glendale USA
-112.2684398,33.5353032,6800 N. 95th Avenue 85305 Glendale USA
-112.2275443,33.64200928,7700 West Arrowhead Towne Center 85308 Glendale USA
-85.58984718,42.91500858,3195 28th Street SE 49512 Grand Rapids  MI
-85.67416988,42.80968727,350 84th Street SW 49315 Byron Center  MI
-85.79247557,42.90361001,49418 Grandville Grandvillie USA
-97.04377838,32.96822998,3000 Grapevine Mills Parkway 76051 Grapevine USA
-79.83997633,36.03935148,236 Four Seasons Town Centre 27427 Greensboro USA
-79.51076528,40.30075907,5256 Route 30  Space 240 Greensburg
-96.25296833,41.09894528,21209 Nebraska Crossing Drive  Space No. T101 Gretna
-89.10107338,30.42915748,1000 Factory Shops Boulevard 39503 Gulfport USA
-87.95711108,42.38856668,6170  Grand Avenue 60031 Gurnee USA
-77.77207178,39.62470618,17301 Valley Mall RoadSpace #0165  Hagerstown
-76.39621178,37.04357138,2521 McMenamin Street 23666 Hampton USA
-76.72828778,39.15748378,7000 Arundel Mills Circle 21076 Hanover USA
-122.5744068,45.4341676,12000 SE 82nd Ave. Suite 1065 97086 Happy Valley USA
-96.99400878,32.709518,925 E Market St  Space #0323 Harrisonburg
-122.1039919,37.65121042,One Southland Mall Drive  Space 324 Hayward
-115.0440097,36.0669808,1300 West Sunset Road 89014 Henderson USA
-80.32112768,25.86803118,1675 W 49th St 33012 Hialeah  FL
-81.30740048,35.70319868,1960 Highway 70 SE #244 28602 Hickory USA
-73.53165948,40.77282547,906 Broadway Mall 11801 Hicksville USA
-122.8809463,45.53799257,19350 NW Emma Way 97124 Hillsboro USA
-72.64354558,42.16763017,50 Holyoke Street 01040 Holyoke USA
-157.8302453,21.27901058,2270 Kalakaua Avenue 96815 Honolulu USA
-86.80979298,33.37894388,2000 Riverchase Galleria 35244 Hoover USA
-95.54103318,29.96040868,1156 Willowbrook Mall 77070 Houston  TX
-95.81153408,29.77552188,5000 Katy Mills Circle Space 619 77494 Katy  TX
-95.46658538,29.73719448,5135 W Alabama  Space 5221 Houston
-95.39609048,29.55265078,11200 W Broadway St 77584 Pearland  TX
-84.00108228,42.62257768,1475 N. Burkhart Road  Suite E150 Howell
-95.27242818,30.00948428,20131 US-59  Humble
-117.9993422,33.65437598,21060 Pacific Coast Highway  Suite G100/G200 Huntington Beach
-86.67533758,34.71734488,340 The Bridge Street 35806 Huntsville USA
-76.95768668,38.96834617,3500 East-West Highway Space#1024 Hyattsville
-94.37191996,39.04808172,18801 East 39th Street South  Room J08A Independence
-86.06756768,39.90922727,6020 East 82nd Street 46250 Indianopolis USA
-117.7456776,33.65016083,890 Irvine Spectrum Center Drive 92618 Irvine USA
-90.13150628,32.40312328,1200 E Countyline Road 39157 Ridgeland USA
-81.55617518,30.18455648,10300 Southside Blvd 32256 Jacksonville USA
-74.04018178,40.72684058,30 Mall Dr W 07310 Jersey City USA
-88.16774558,41.57624727,3340 Mall Loop Dr 60431 Joliet USA
-94.47570618,37.09043988,101 North Rangeline Road Building H Joplin
-94.82752118,39.12575227,1803 Village West Parkway  Suite M-103 Kansas
-94.59491328,39.04251618,440 West 47th Street 64112 Kansas City USA
-94.40440438,38.92828617,840 NW Blue Pkwy 64086 Lee's Summit USA
-158.0568562,21.3351102,91-5431 Kapolei Parkway 96709 Kapolei USA
-84.56666318,34.01770988,400 Ernest W Barrett Pkwy NW 30144 Kennesaw USA
-97.71869768,31.09338018,2100 South W S Young Drive  Suite 1090 Killeen
-75.39291758,40.08931757,160 N Gulph Rd 19406 King of Prussia USA
-84.04058588,35.92448528,7600 Kingston Pike 37919 Knoxville USA
-86.85259068,40.39154367,2415 Sagamore Pkwy South 47905 Lafayette USA
-92.07787308,30.17121238,5725 Johnston S 70503 Lafayette  LA
-73.13170928,40.86574088,118 Smith Haven Mall 11755 Lake Grove USA
-81.98011998,28.09281498,3800 US Hwy. 98 N. 33809 Lakeland USA
-105.1575067,39.7321451,14500 W Colfax Ave 80401 Lakewood USA
-118.1417231,33.85060938,500 Lakewood Center Mall 90712 Lakewood  CA
-76.34117328,40.06741357,142 Park City Center 17601 Lancaster USA
-76.22457678,40.02651648,311 Stanley K Tanger Blvd  Space #1540 Lancaster
-74.88318398,40.18312058,23 East Lincoln Highway 19047 Langhorne USA
-99.50207598,27.55174658,5300 San Dario Ave.  Space D Laredo
-99.51211638,27.50178658,1600 Water Street  Suite #B320 Laredo
-115.1804516,36.0670446,6611 Las Vegas Blvd Suite 159 89119 Las Vegas USA
-115.1723998,36.10965633,3663 Las Vegas Blvd 89109 Las Vegas USA
-115.1785371,36.11824213,3500 Las Vegas Blvd South 89109 Las Vegas USA
-115.3346076,36.1505629,1940 Park Centre Drive 89135 Las Vegas USA
-74.68392928,40.29076058,3320 Brunswick Pike  1239A and ST04 Lawrenceville
-84.08169078,33.98112278,5900 Sugarloaf Pkwy.  209A Lawrenceville
-118.942863,34.98444088,5701 Outlets at Tejon Parkway  Suite 190 Lebec
-86.59807508,33.54849068,6200 Grand River Blvd East Suite 216 Leeds
-111.8848582,40.43408948,3700 North Cabelas Blvd 84043 Lehi USA
-84.52932258,37.99061088,3401 Nicholasville Rd 40503 Lexington USA
-96.63866998,40.81581172,98 Gateway Mall 68505 Lincoln USA
-92.34500048,34.75336238,6000 W. Markham Drive  Space D Little Rock
-92.41012458,34.66085118,11201 Bass Pro Parkway - Suite #N101 72210 Little Rock  AR
-105.0977535,39.6119331,8501 W Bowles Ave 80123 Littleton USA
-121.8471649,37.698556,2774 Livermore Outlets Dr 94551 Livermore USA
-74.35617068,40.77716247,112 Eisenhower Parkway 07039 Livingston USA
-88.00999153,41.83915933,370 Yorktown Center 60148 Lombard USA
-118.1965271,33.76480658,37 Aquarium Way 90802 Long Beach USA
-94.75290488,32.53933028,3500 McCann Rd 75605 Longview USA
-118.379682,34.0753308,8500 Beverly Blvd 90048 Los Angeles USA
-118.2633478,34.0494228,735 South Figueroa Street Suite 303 90017 Los Angeles USA
-118.4210547,34.05900308,10250 Santa Monica Blvd 90067 Los Angeles USA
-118.0846343,34.0360444,1852 Montebello Town Center Drive 90640 Montebello USA
-85.61210528,38.24704617,7900 Shelbyville Road 40222 Louisville USA
-85.95695635,38.18847209,1155 Buck Creek Road  Suite K-1000 Louisville
-85.67268118,38.14135297,4801 Outer Loop 40219 Louisville USA
-101.9273679,33.53927488,6002 Slide Rd 79414 Lubbock USA
-122.2763312,47.82766887,3000 184th Street SW 98037 Lynwood USA
-83.71820018,32.92723098,5080 Riverside Drive  Suite 214 Macon
-89.50870048,43.05618087,52 West Towne Mall 53719 Madison USA
-89.30738658,43.12506608,89 East Towne Mall  Space H Madison
-77.50787398,38.77192767,8300 Sudley Road 20109 Manassas USA
-72.54866938,41.80787208,194 Buckland Hills Dr 06042 Manchester USA
-96.56104068,39.17941587,100 Manhattan Town Center  Suite 280 Manhattan
-93.95675688,44.17308428,1850 Adams St  Suite 312 Mankato
-93.43914858,45.09224968,12285 Elm Creek Boulevard North 55369 Maple Grove USA
-93.10053828,45.01492765,55109 St Paul Maplewood USA
-71.61519628,42.35599738,601 Donald Lynch Blvd 01752 Marlborough USA
-71.96830636,41.47472142,455 Trolley Line Blvd 06338 Mashantucket USA
-73.43692208,40.68362817,1105 Sunrise Mall Rd 11758 Massapequa USA
-74.64569508,39.45385298,4403 Black Horse Pike 08330 May's Landing USA
-98.23762888,26.18828598,2200 S. 10th Street 78503 McAllen USA
-77.22498248,38.91701347,1961 Chain Bridge Rd 22102 McLean USA
-80.65204848,28.08134198,1700 W. New Haven Avenue 32904 Melbourne USA
-89.79043228,35.20018068,2760 North Germantown Parkway  Space 2240A Memphis
-89.91510038,35.11704778,4465 Popular Ave Space #2200 38117 Memphis USA
-97.89001428,26.16293508,500 E. US Express Way 83 78570 Mercedes USA
-87.31156948,41.46876378,1939 Southlake Mall Unit #438 46410 Merrillville  Indiana
-96.62569128,32.80697078,2063 Town East Mall 75150 Mesquite USA
-80.36695528,25.78730418,1455 NW 107th Ave  Room 660A Miami
-80.38254763,25.78795058,11401 NW 12th St 33172 Miami USA
-80.13619258,25.79091948,551 Lincoln Road 33139 Miami USA
-86.90756058,41.71504897,601 Wabash St 46360 Michigan City USA
-74.37151378,41.45221627,1 Galleria Drive 10941 Middletown USA
-73.03773108,41.23599378,1201 Boston Road 06460 Milford USA
-121.9001607,37.41444297,1220 Great Mall Drive 95035 Milpitas USA
-88.11100338,43.03092748,95 North Moorland Road 53005 Brookfield USA
-88.00638898,42.94837728,5300 S 76th St 53129 Greendale USA
-93.29985558,44.94756997,3001 Hennepin Ave S 55408 Minneapolis USA
-93.43876048,44.96767037,12401 Wayzata Boulevard 55305 Minnetonka USA
-114.0307851,46.84506547,2901 Brooks St. 59801 Missoula USA
-88.12383708,30.67206898,3452 Bel Air Mall 36606 Mobile USA
-92.06676598,32.49996438,4700 Millhaven Road  Suite 1404 Monroe
-79.80200658,40.43104837,200 Monroeville Mall 15146 Monroeville USA
-117.6969131,34.0865965,5007 Montclair Plaza Lane 91763 Montclair USA
-121.8978123,36.58415667,700 Del Monte Center 93940 Monterey USA
-86.16578174,32.36002045,7274 Eastchase Ln 36117 Montgomery USA
-74.96329618,39.94611187,400 Route 38 08057 Moorestown USA
-84.35358398,33.57498808,1000 Southlake Circle 30260 Morrow USA
-86.44611818,35.85799268,2615 Med Center Pkwy  Suite 2000 Murfreesboro
-111.8901345,40.6361973,6187 S. State Street 84107 Murray USA
-78.92566478,33.70363388,2000 Coastal Grand Circle  Myrtle Beach Myrtle Beach
-78.77725918,33.78422158,10835 Kings Road  Space No. 500 Myrtle Beach
-81.79862528,26.17017368,1900 Tamiami Trail North 34102 Naples USA
-86.69445478,36.20296468,433 Opry Mills Dr. 37214 Nashville USA
-71.38552128,42.30067397,1245 Worcester Street 01760 Natick USA
-117.0679896,32.6562123,3030 Plaza Bonita Road 91950 National city USA
-90.06645778,29.95480118,418 North Peters Street 70130 New Orleans USA
-90.04264398,29.92371078,197 Westbank Expwy 70053 Gretna USA
-73.80072468,40.70348798,160-08 Jamaica Avenue 11432 Jamaica (Queens) USA
-73.94900718,40.80871198,125 West 125th Street 10027 New York USA
-73.99339328,40.73845347,111 5th Ave 10003 New York USA
-73.95755738,40.77910538,150 East 86th Street 10028 New York USA
-73.98537528,40.76855258,10 Columbus Circle 10019 New York USA
-73.98823228,40.75601487,1472 Broadway 10036 New York USA
-73.98000338,40.75694657,589 Fifth Avenue 10017 New York USA
-73.99064508,40.74959028,1293 Broadway 10001 New York City USA
-74.01391678,40.71038638,18 Church Street 10007 New York City USA
-74.00219328,40.75387998,500 West 33rd Street Hudson Yards 10001 New York USA
-75.65404258,39.67825667,106 Christiana Mall 19702 Newark USA
-122.0033679,37.52647547,2086 Newpark Mall 94560 Newark USA
-70.80959308,43.09988288,508 Fox Run Rd 03801 Newington USA
-76.48720168,37.09045728,12300 Jefferson Ave.Route 143 &amp; I-64 23602 Newport News USA
-78.98006038,43.09894328,1900 Military Rd  Space 320 Niagara Falls
-80.75247488,41.21158798,5555 Youngstown Warren Road 44446 Niles USA
-76.29028588,36.84882138,300 Monticello Avenue 23510 Norfolk USA
-76.20314138,36.88090307,1600 Premium Outlets Boulevard  Unit 800 Norfolk
-71.35224048,41.94650583,151 Emerald Square 02760 North Attelboro USA
-77.11959768,39.05010238,11850 Grand Park Avenue 20852 North Bethesda USA
-80.01938058,32.87163018,4840 Tanger Outlet Blvd #768 29418 Charleston USA
-80.04606758,32.94360018,2150 Northwoods Boulevard  Building F North Charleston
-87.81307918,41.84625237,7501 West Cermak Road 60546 North Riverside  IL
-77.31599796,39.63393296,230 Montgomery Mall  Room #2054A North wales
-118.5582765,34.23841388,9301 Tampa Avenue 91324 Northridge USA
-73.42090038,41.10485558,100 N. Water Street 06854 Norwalk USA
-83.47149898,42.49232793,27500 Novi Rd 48377 Novi USA
-87.95341358,41.85206308,466 Oakbrook Center 60523 Oak Brook USA
-84.42175308,42.72535528,1982 W Grand River Ave  Suite H Okemos
-97.56106258,35.61032808,2501 Memorial rd  Suite 149 Oklahoma City
-122.9358236,47.04189408,625 Black Lake Boulevard SW  Suite G6 Olympia
-96.07043898,41.26687918,10000 California St 68114 Omaha USA
-117.5571237,34.07268642,One Mills Circle 91764 Ontario USA
-117.8951172,33.7826671,20 City Blvd W 92868 Orange USA
-111.6827939,40.27504378,575 E University Parkway 84097 Orem USA
-87.85478538,41.61837787,288 Orland Square Park 60462 Orland Park USA
-81.39766758,28.44593328,8001 South Orange Blossom Trail  Suite #1400 Orlando
-81.43369348,28.48553688,4200 Conroy Road 32839 Orlando USA
-81.45309288,28.47553728,4951 International Dr 32819 Orlando USA
-94.72100938,38.95342168,11149 West 95th Street 66214 Overland Park USA
-119.1793931,34.2388369,500 Town Center Drive 93036 Oxnard USA
-77.00420508,38.79377297,6800 Oxon Hill Road  suite 100 Oxon Hill
120.7310068,24.8444323,Unit # 260 42001 Paducah USA
-116.3968633,33.7235998,72-840 Highway 111 92260 Palm Desert USA
-116.5493606,33.82532048,111 North Palm Canyon Drive  Suite CO. 35 Palm Springs
-118.1541631,34.60443618,1233 W Rancho Vista Blvd 93551 Palmdale USA
-74.07949698,40.91829237,1 Garden State Plaza Blvd 07653 Paramus USA
-74.07162658,40.95656788,680 Bergen Town Center - Suite A10 07652 Paramus USA
-118.1470469,34.14566498,300 E. Colorado Boulevard  Suite 102 Pasadena
-70.94677878,42.54141958,210 Andover Street 01960 Peabody USA
-80.30661128,26.01063318,11401 Pines Boulevard 33026 Pembroke Pines USA
-87.21346338,30.47478758,5100 North 9th Avenue 32504 Pensacola USA
-75.16926718,39.95094128,1530 Chestnut Street 19103 Philadelphia USA
-74.96321748,40.08764728,1455 Franklin Mills 19154 Philadelphia USA
-75.15790848,39.95171417,901 Market St 19107 Philadelphia USA
-111.978299,33.6765081,21001 N Tatum Blvd 85050 Phoenix USA
-80.87905508,35.08267298,11025 Carolina Place Parkway 28134 Pineville USA
-80.00960698,40.54399168,1000 Ross Park Mall Dr  Suite A01F Pittsburgh
-80.15956898,40.45361288,100 Robinson Centre Drive  Suite 2170 Pittsburgh
-86.36104648,39.71144627,2498 Perry Crossing Way  Suite 175 Plainfield
-96.83443298,33.03081308,6121 W Park Blvd 75093 Plano USA
-80.25697208,26.11788858,8000 West Broward Boulevard  Suite #1313 Plantation
-121.9313224,37.6963056,1004 Stoneridge Mall Road Suite A 105 94588 Pleasanton USA
-81.24541508,32.13464968,200 Tanger Outlet Blvd  Space No. 101 Pooler
-85.59655208,42.22049368,6650 South Westnedge Avenue  Suite # 140 Portage
-122.6784371,45.51807548,340 SW Morrison St 97204 Portland USA
-122.7836203,45.450711,9524 SW Washington Square Rd 97223 Portland USA
-75.57379768,40.23643798,18 West Lightcap Rd  Suite 19464 Limerick
-73.92306108,41.62647308,2001 South Road 12601 Poughkeepsie USA
-71.41857013,41.82798928,One Providence Place  Suite 3320 Providence
-122.3003339,47.15806217,3500 S Meridian Unit 940 Puyallup
-73.87214828,40.73443678,90-15 Queens Blvd 11373 Elmhurst USA
-78.67867098,35.83808678,4325 Glenwood Avenue 27612 Raleigh USA
-117.536868,34.111046,12410 South Mainstreet 91739 Rancho Cucamonga USA
-118.3582453,33.8717107,1815 Hawthorne Blvd 90278 Redondo Beach USA
-119.7852904,39.47483727,5000 Meadowood Mall Circle 89502 Reno USA
-77.62331318,37.65598077,11800 West Broad Street 23233 Richmond USA
-77.61075848,37.50667937,11500 Midlothian Turnpike 23235 Richmond USA
-72.71912698,40.92173298,200 Tanger Mall Drive 11901 Riverhead USA
-117.4599075,33.91031603,1002 Galleria At Tyler 92503 Riverside USA
-79.96543488,37.30462748,4802 Valley View Blvd NW 24012 Roanoke USA
-92.48169188,44.00477508,1201 12th Street SW  Space 305 Rochester
-88.97797898,42.24617348,7200 Harrison 61112 Rockford USA
-121.2707161,38.77329827,1151 Galleria Blvd. 95678 Roseville USA
-82.91906368,42.53438117,32233 Gratiot Ave 48066 Roseville USA
-93.17267938,45.01284337,1595 Highway 36 W 55113 Roseville  MN
-83.97669758,43.47939727,4787 Fashion Square Mall  Space E Saginaw
-121.6597257,36.71801717,796 Northridge Mall 93906 Salinas USA
-75.56891868,38.39906098,2300 N Salisbury Blvd  J121 Salisbury
-111.8941203,40.76862188,30 S MAIN ST 84101 Salt Lake City USA
-98.61489638,29.59221478,15900 La Cantera Pkwy 78256 San Antonio USA
-98.48687208,29.42291088,849 E Commerce St 78205 San Antonio USA
-98.49842088,29.51836518,7400 San Pedro Ave #1330 78216 San Antonio USA
-98.62322208,29.46923618,6301 NW Loop 410  #Q10C San Antonio
-98.35362498,29.59721958,6909 N Loop 1604 E 78247 San Antonio USA
-117.2995587,34.08508278,500 Inland Center Drive  Space #340 San Bernardino
-117.6294457,33.43883138,101 W. Avenida Vista Hermosa  Suite 138 San Clemente
-117.1655655,32.7700061,7007 Friars Road 92108 San Diego USA
-117.0400896,32.54276858,4461 Camino de la Plaza Suite 301 92173 San Ysidro USA
-117.2253251,32.87104779,Suite No. 2320 92122 San Diego USA
-122.4076791,37.7839766,845 Market Street 94103 San Francisco USA
-121.8679673,37.25178918,925 Blossom Hill Road 95123 San Jose USA
-121.9496047,37.32225267,334 Santana Row 95128 San Jose USA
-121.816339,37.32538847,2200 Eastridge Loop Suite 1010 San Jose
-66.02808539,18.41248318,1000 Mall of San Juan Boulevard  store number 175 San Juan
-120.6649357,35.2812319,886 Monterey Street Space C-101 93401 San Luis Obispo USA
-97.98900048,29.82377148,4015 Interstate 35 Frontage Rd 78666 San Marcos USA
-122.3023515,37.53711762,397 Hillsdale Shopping Center 94403 San Mateo USA
-111.8970451,40.56293927,10450 South State Street  Suite 1002 Sandy
-117.8719337,33.7756986,2800 N. Main Street 92705 Santa Ana USA
-119.7027022,34.4201972,827-833 State St. 93101 Santa Barbara USA
-106.0171949,35.6360382,4250 Cerrillos Road  Suite #1054 Santa Fe
-118.4972929,34.01438058,1452 Third Street Promenade 90401 Santa Monica USA
-82.45539088,27.38357108,140 University Town Center Dr Suite 118 and 213 34243 Sarasota USA
-81.09704368,32.07993198,230-240 W Broughton Street 31401 Savannah USA
120.9761792,24.84468944,H&amp;M Space 84 31406 Savannah USA
-88.04037918,42.04721888,5 Woodfield Shopping Center 60173 Schaumburg USA
-111.9313305,33.5041442,7014 E Camelback Rd 85251 Scottsdale USA
-122.3019127,47.66385897,2604 NE University Village 98105 Seattle USA
-118.4386389,34.15636968,14006 Riverside Dr 91423 Sherman Oaks USA
-77.02764448,38.99631438,8518 Fenton St 20910 Silver Spring USA
-122.6928008,47.65767677,10315 Silverdale Way NW 98383 Silverdale USA
-84.00442068,33.89842898,1350 scenic Hwy  Suite 400 Snellville
-73.2294535,44.44846885,Suite E2 05403 Burlington USA
-70.33621448,43.63357818,364 Maine Mall Road  Suite N149 South Portland
-89.99381008,34.93626268,"5205 Airways Boulevard 38671 Southhaven USA"
-119.7225485,39.53217847,"1330 Scheels Drive Suite F 289 89506 Sparks USA"
-81.99623268,34.94029718,"205 W. Blackstock Road  Building J Spartanburg"
-117.2091253,47.67354767,"14700 East Indiana Ave 99216 Spokane USA"
-117.4115623,47.70300647,"4750 North Division Street  Unit 2202 Spokane"
-89.70611598,39.76691117,"2501 Wabash Ave 62704 Springfield USA"
-77.17665848,38.77468302,"6500 Springfield Mall 22150 Springfield USA"
-93.26680158,37.16223137,"2825 Glenstone Avenue 65804 Springfield  MO"
-113.7147055,37.1047228,"Suite 1200 84790 St George USA"
-90.35002428,38.63580478,"1155 Saint Louis Galleria 63117 Saint Louis USA"
-90.61815748,38.79607618,"1600 Mid Rivers Mall Building H St Peters"
-82.73805288,27.79296358,"6901 22nd Ave North 33710 St. Petersburg USA"
-74.16905428,40.58184137,"2655 Richmond Avenue 10314 Staten Island USA"
-74.14905604,40.64226196,"One Richmond Terrace 10314 Staten Island USA"
-81.82129448,41.30814177,"1050 Southpark Center 44136 Strongsville USA"
-76.17518088,43.06776898,"1 Destiny USA Drive 13204 Syracuse USA"
-122.470901,47.2181186,"4502 South Steele St 98409 Tacoma USA"
-84.25623328,30.43643078,"1500 Apalachee Pkwy 32301 Tallahassee USA"
-82.52283218,27.96466818,"2223 N West Shore Blvd 33607 Tampa USA"
-82.52976893,27.94668103,"250 Westshore Plaza  Suite WW02A Tampa"
-82.57706588,28.06995928,"8021 Citrus Park Town Center 33625 US Tampa USA"
-83.25868558,42.20033437,"23000 Eureka  Space 1390 Taylor"
-117.1567888,33.52456918,"40820 Winchester Road 92591 Temecula USA"
-111.9671067,33.38209888,"5000 South Arizona Mills Circle  Tempe"
-111.9055921,33.4335344,"2000 E Rio Salado Pkwy 85281 Tempe USA"
-105.001415,39.9681883,"13801 Grant St 80023 Thornton USA"
-118.8889132,34.1826904,"186 W. Hillcrest #50  Space #E121 Thousand Oaks"
120.9991168,24.78548104,"Space #1040 43623 Toledo USA"
-74.18389158,39.97982548,"1201 Hooper Ave 08753 Toms River USA"
-118.3519449,33.8310335,"3525 W Carson St 90503 Torrance USA"
-76.60121648,39.40426577,"825 Dulaney Valley Road 21204 Towson USA"
-83.11510288,42.53471528,"412 W 14 Mile Rd 48083 Troy USA"
-73.22905968,41.22944138,"5065 Main Street 06611 Trumbull USA"
-110.9763235,32.2885,"4500 N Oracle Rd 85705 Tucson USA"
-110.8677064,32.21984438,"5870 E Broadway Blvd 85711 Tucson USA"
-122.2597833,47.4581275,"867 Southcenter 98188 Tukwila USA"
-95.88407398,36.06377368,"7021 South Memorial Drive  Suite 225B Tulsa"
-88.70385538,34.30844298,"1001 Barnes Crossing Rd 38804 Tupelo USA"
-95.30686448,32.24945038,"8938 S Broadway Avenue  Suite 300 Tyler"
-75.26070558,39.95918308,"2 South 69th Street 19082 Upper Darby USA"
-118.5564037,34.4159624,"24201 Valencia Blvd 91355 Valencia USA"
-73.72148038,40.66245908,"2034 Green Acres Mall 11581 Valley Stream USA"
-122.5868169,45.6583908,"8700 NE Vancouver Mall Drive  Suite 122 Vancouver"
-87.95305318,42.24288857,"109 Hawthorn Center 60061 Vernon Hills USA"
-77.42796199,42.98259171,"14564 Victor USA"
-81.55131228,39.30164858,"100 Grand Central Ave 26105 Vienna USA"
-76.07451178,36.81621687,"701 Lynnhaven Pkwy 23452 Virginia Beach USA"
-97.19083668,31.51640488,"6001 West Waco Drive  Space 54 Waco"
-76.92868258,38.61693908,"11110 Mall Circle Dr 20603 Waldorf USA"
-122.0609922,37.89459218,"73 Broadway Lane  Suite #1062 Walnut Creek"
-71.48098458,41.72496247,"400 Bald Hill Road 02886 Warwick USA"
-77.02875728,38.89754327,"1025 F Street NW 20005 Washington Washington"
-77.06596548,38.90486238,"3222 M Street Northwest 20007 Washington USA"
-80.21545318,40.21582507,"2200 Tanger Blvd Suite. 360 15301 Washington USA"
-77.04230868,38.90501337,"1133 Connecticut Avenue NW 20036 Washington USA"
119.635536,24.69820097,"Unit #C095A 13165 Waterloo USA"
-74.26198788,40.88994768,"2015 Willowbrook Mall 07470 Wayne USA"
-80.21002768,26.64531028,"10300 W Forest Hill Blvd 33414 Wellington USA"
-117.9332217,34.07078728,"1480 Plaza Drive 91790 West Covina USA"
-93.86033845,41.5606912,"50266 West Des Moines West Des Moines USA"
-73.95663148,41.09710178,"1731 Palisades Ctr. Dr. 10994 West Nyack USA"
-80.05873708,26.70751828,"700 S Rosemary Avenue 33401 West Palm Beach USA"
-72.43123948,41.28936987,"314 Flat Rock Pl F165 06498 Westbrook USA"
-81.95405808,41.45651608,"262 Main Street 44145 Westlake USA"
-77.05717278,39.03664187,"11160 Veirs Mill Road 20902 Wheaton USA"
-73.77167018,41.03153167,"100 Main Street 10601 White Plains USA"
-97.24934063,37.68371013,"7700 E. Kellogg  Room M04A Wichita"
-75.84657793,41.24645857,"29 Wyoming Valley Mall  Unit #0224 Wikes-Barre"
-75.12564168,40.14011727,"2500 Moreland Road 19090 Willow Grove USA"
-75.54678078,39.82122027,"4737 Concord Pike 19803 Wilmington USA"
-77.83401988,34.24387368,"833 Towne Center Drive Suite 110 28405 Wilmington  NC"
-80.30225808,36.07033188,"3320 Silas Creek Pkwy 27103 Winston-Salem USA"
-74.30220098,40.55525018,"291 Woodbridge Center Dr 07095 Woodbridge USA"
-77.29871288,38.64319287,"2700 Potomac Mills Circle 22192 Woodbridge USA"
-92.92782138,44.94740737,"9100 Hudson Rd 55125 Woodbury USA"
-73.85666738,40.92791057,"6 Xavier Drive 10704 Yonkers USA"
-73.85921078,40.96502688,"195 Market Street 10710 Yonkers USA"
-76.67788978,39.98909242,"One York Galleria  Space E York"
-73.80990788,41.32861657,"650 Lee Blvd 10598 Yorktown Heights USA"
-80.66199538,41.02011317,7401 Market St 44512 Youngstown USA